timestamp,participant_id,round,role,word_type,board,targets,bomb,hint,hint_number,intended_targets,guesses,interaction_history,turns,targets_found,correct,bomb_hit,medal,score_change,response_time_sec,perception_rating,ai_round_reflection,human_round_feedback
2026-05-19T17:14:32.742273,Test,1,human_clue,abstract,soul;capital;luck;wake;respect;break;light;price;time;smile;strike;wish;game;shadow;love,capital;love;price;luck;time,respect,anniversary,2,"[[""capital"", ""price"", ""time""], [""love"", ""time""]]",capital;price;luck;time;love,"[{""turn"": 1, ""clue_giver"": ""human"", ""guesser"": ""ai"", ""hint"": ""investment"", ""hint_number"": 3, ""intended_targets"": [""capital"", ""price"", ""time""], ""guesses"": [""capital"", ""price"", ""luck""], ""correct_guesses"": [""capital"", ""price"", ""luck""], ""missed_intended_targets"": [""time""], ""extra_correct_guesses"": [""luck""], ""neutral_guesses"": [], ""bomb_guess"": null, ""outcome"": ""correct"", ""bomb_hit"": false, ""ai_understanding_rating_before"": 4, ""ai_understanding_rating_after"": 4}, {""turn"": 2, ""clue_giver"": ""human"", ""guesser"": ""ai"", ""hint"": ""anniversary"", ""hint_number"": 2, ""intended_targets"": [""love"", ""time""], ""guesses"": [""time"", ""love""], ""correct_guesses"": [""time"", ""love""], ""missed_intended_targets"": [], ""extra_correct_guesses"": [], ""neutral_guesses"": [], ""bomb_guess"": null, ""outcome"": ""correct"", ""bomb_hit"": false, ""ai_understanding_rating_before"": 4, ""ai_understanding_rating_after"": 5}]",2,5,1,0,gold,5,321.309365,5,"Great job this round! Your clues were spot on. For ""investment,"" you successfully guided me to ""capital,"" ""price,"" and ""time,"" which aligned perfectly with the abstract nature of the words. The second clue, ""anniversary,"" clearly pointed to ""love"" and ""time,"" and you nailed those as well.

Next round, let’s track the neutral words more closely to avoid any potential confusion. For example, ""wish"" could relate to ""luck,"" but it’s better to focus on more direct connections. Overall, keep up the great teamwork!","thanks that is good round. please try to give hints, that will bring us Gold medols . "
2026-05-19T17:21:34.464047,Test,2,ai_clue,abstract,respect;soul;love;hide;memory;secret;light;game;ghost;birth;strike;wake;capital;luck;melody,melody;luck;birth;light;memory,capital,remember,2,"[[""melody"", ""luck""], [""melody"", ""luck""], [""luck"", ""birth"", ""memory""], [""birth"", ""memory""]]",light;secret;melody;strike;luck;love;game;memory;birth,"[{""turn"": 1, ""clue_giver"": ""ai"", ""guesser"": ""human"", ""hint"": ""signal"", ""hint_number"": 2, ""intended_targets"": [""melody"", ""luck""], ""guesses"": [""light"", ""secret""], ""correct_guesses"": [""light""], ""missed_intended_targets"": [""melody"", ""luck""], ""extra_correct_guesses"": [""light""], ""neutral_guesses"": [""secret""], ""bomb_guess"": null, ""outcome"": ""correct"", ""bomb_hit"": false, ""ai_understanding_rating_before"": null, ""ai_understanding_rating_after"": null}, {""turn"": 2, ""clue_giver"": ""ai"", ""guesser"": ""human"", ""hint"": ""harmony"", ""hint_number"": 2, ""intended_targets"": [""melody"", ""luck""], ""guesses"": [""melody"", ""strike""], ""correct_guesses"": [""melody""], ""missed_intended_targets"": [""luck""], ""extra_correct_guesses"": [], ""neutral_guesses"": [""strike""], ""bomb_guess"": null, ""outcome"": ""correct"", ""bomb_hit"": false, ""ai_understanding_rating_before"": null, ""ai_understanding_rating_after"": null}, {""turn"": 3, ""clue_giver"": ""ai"", ""guesser"": ""human"", ""hint"": ""fate"", ""hint_number"": 3, ""intended_targets"": [""luck"", ""birth"", ""memory""], ""guesses"": [""luck"", ""love"", ""game""], ""correct_guesses"": [""luck""], ""missed_intended_targets"": [""birth"", ""memory""], ""extra_correct_guesses"": [], ""neutral_guesses"": [""love"", ""game""], ""bomb_guess"": null, ""outcome"": ""correct"", ""bomb_hit"": false, ""ai_understanding_rating_before"": null, ""ai_understanding_rating_after"": null}, {""turn"": 4, ""clue_giver"": ""ai"", ""guesser"": ""human"", ""hint"": ""remember"", ""hint_number"": 2, ""intended_targets"": [""birth"", ""memory""], ""guesses"": [""memory"", ""birth""], ""correct_guesses"": [""memory"", ""birth""], ""missed_intended_targets"": [], ""extra_correct_guesses"": [], ""neutral_guesses"": [], ""bomb_guess"": null, ""outcome"": ""correct"", ""bomb_hit"": false, ""ai_understanding_rating_before"": null, ""ai_understanding_rating_after"": null}]",4,5,1,0,bronze,3,421.609395,3,"Great job this round! My clues aimed to connect abstract concepts. For ""signal,"" I wanted to evoke ""melody"" and ""luck,"" but I see how ""light"" was a tempting guess. ""Harmony"" was meant to guide you to ""melody"" and ""luck,"" and it worked well. 

For ""fate,"" I hoped to lead you to ""luck,"" ""birth,"" and ""memory,"" but ""love"" and ""game"" were distractions. ""Remember"" effectively pointed to ""birth"" and ""memory,"" which you nailed. 

Next round, let’s track how closely our guesses align with the intended words to refine our strategy. Keep up the great teamwork!","I think if we make a mistake in a round, we can take the guesses and add that number to the next round? That way we have another chance."
2026-05-19T17:28:12.784170,Test,3,human_clue,concrete,baby;lemon;purse;cat;leather;popcorn;bubble;skyscraper;octopus;ball;towel;soup;sugar;water;book,leather;cat;purse;ball;book,octopus,expensive,2,"[[""ball"", ""book""], [""book"", ""ball""], [""purse"", ""leather""]]",baby;cat;book;ball;leather;purse,"[{""turn"": 1, ""clue_giver"": ""human"", ""guesser"": ""ai"", ""hint"": ""hobby"", ""hint_number"": 2, ""intended_targets"": [""ball"", ""book""], ""guesses"": [""baby"", ""cat""], ""correct_guesses"": [""cat""], ""missed_intended_targets"": [""ball"", ""book""], ""extra_correct_guesses"": [""cat""], ""neutral_guesses"": [""baby""], ""bomb_guess"": null, ""outcome"": ""correct"", ""bomb_hit"": false, ""ai_understanding_rating_before"": 4, ""ai_understanding_rating_after"": 3}, {""turn"": 2, ""clue_giver"": ""human"", ""guesser"": ""ai"", ""hint"": ""leisuretime"", ""hint_number"": 2, ""intended_targets"": [""book"", ""ball""], ""guesses"": [""book"", ""ball""], ""correct_guesses"": [""book"", ""ball""], ""missed_intended_targets"": [], ""extra_correct_guesses"": [], ""neutral_guesses"": [], ""bomb_guess"": null, ""outcome"": ""correct"", ""bomb_hit"": false, ""ai_understanding_rating_before"": 4, ""ai_understanding_rating_after"": 5}, {""turn"": 3, ""clue_giver"": ""human"", ""guesser"": ""ai"", ""hint"": ""expensive"", ""hint_number"": 2, ""intended_targets"": [""purse"", ""leather""], ""guesses"": [""leather"", ""purse""], ""correct_guesses"": [""leather"", ""purse""], ""missed_intended_targets"": [], ""extra_correct_guesses"": [], ""neutral_guesses"": [], ""bomb_guess"": null, ""outcome"": ""correct"", ""bomb_hit"": false, ""ai_understanding_rating_before"": 4, ""ai_understanding_rating_after"": 5}]",3,5,1,0,silver,4,398.213575,5,"Great job this round! Your clues were clear and effectively led us to the correct words. I interpreted ""hobby"" as relating to activities, which is why I guessed ""cat"" instead of ""ball."" I expected ""leisuretime"" to connect well with both ""book"" and ""ball,"" and it did! 

For next round, let’s track how many guesses we make per clue. It might help to clarify if we’re aiming for more specific or broader associations. Overall, keep up the excellent work!",I dont understand the second part. but please tell me the clear clue. we should get Gold medols
2026-05-19T17:34:38.722453,Test,4,ai_clue,concrete,cotton;popcorn;skyscraper;towel;igloo;kiwi;purse;cat;water;ball;sun;soup;bowl;sword;octopus,popcorn;towel;ball;sword;cat,skyscraper,textile,2,"[[""popcorn"", ""ball""], [""ball"", ""sword"", ""cat""], [""towel"", ""cat""], [""towel"", ""cat""]]",popcorn;kiwi;ball;sword;water;soup;cotton;towel;cat,"[{""turn"": 1, ""clue_giver"": ""ai"", ""guesser"": ""human"", ""hint"": ""snack"", ""hint_number"": 2, ""intended_targets"": [""popcorn"", ""ball""], ""guesses"": [""popcorn"", ""kiwi""], ""correct_guesses"": [""popcorn""], ""missed_intended_targets"": [""ball""], ""extra_correct_guesses"": [], ""neutral_guesses"": [""kiwi""], ""bomb_guess"": null, ""outcome"": ""correct"", ""bomb_hit"": false, ""ai_understanding_rating_before"": null, ""ai_understanding_rating_after"": null}, {""turn"": 2, ""clue_giver"": ""ai"", ""guesser"": ""human"", ""hint"": ""play"", ""hint_number"": 3, ""intended_targets"": [""ball"", ""sword"", ""cat""], ""guesses"": [""ball"", ""sword"", ""water""], ""correct_guesses"": [""ball"", ""sword""], ""missed_intended_targets"": [""cat""], ""extra_correct_guesses"": [], ""neutral_guesses"": [""water""], ""bomb_guess"": null, ""outcome"": ""correct"", ""bomb_hit"": false, ""ai_understanding_rating_before"": null, ""ai_understanding_rating_after"": null}, {""turn"": 3, ""clue_giver"": ""ai"", ""guesser"": ""human"", ""hint"": ""pattern"", ""hint_number"": 2, ""intended_targets"": [""towel"", ""cat""], ""guesses"": [""soup"", ""cotton""], ""correct_guesses"": [], ""missed_intended_targets"": [""towel"", ""cat""], ""extra_correct_guesses"": [], ""neutral_guesses"": [""soup"", ""cotton""], ""bomb_guess"": null, ""outcome"": ""wrong"", ""bomb_hit"": false, ""ai_understanding_rating_before"": null, ""ai_understanding_rating_after"": null}, {""turn"": 4, ""clue_giver"": ""ai"", ""guesser"": ""human"", ""hint"": ""textile"", ""hint_number"": 2, ""intended_targets"": [""towel"", ""cat""], ""guesses"": [""towel"", ""cat""], ""correct_guesses"": [""towel"", ""cat""], ""missed_intended_targets"": [], ""extra_correct_guesses"": [], ""neutral_guesses"": [], ""bomb_guess"": null, ""outcome"": ""correct"", ""bomb_hit"": false, ""ai_understanding_rating_before"": null, ""ai_understanding_rating_after"": null}]",4,5,1,0,bronze,3,385.838085,3,"Great job this round! For my first clue ""snack,"" I aimed for both popcorn and ball, but I see now that kiwi was a tempting guess. I’ll be more careful with ambiguous words next time. 

When I gave ""pattern,"" I expected you to connect it to towel and cat, but it seems the neutral words confused the guesses. Tracking how we interpret clues can help us avoid this. 

Overall, we did well, especially with ""textile."" Let’s keep refining our communication and focus on avoiding neutral words that might lead us astray. Looking forward to the next round!","but I dont understand what is means Snack
, if your target word is Cat!!!1"
