timestamp,participant_id,round,role,word_type,board,targets,bomb,hint,hint_number,intended_targets,guesses,interaction_history,turns,targets_found,correct,bomb_hit,medal,score_change,response_time_sec,perception_rating
2026-05-01T22:34:42.557011,Shima,1,human_clue,abstract,strike;time;degree;break;shadow;secret;hide;price;memory;light;love;melody,price;break;strike;hide,memory,notfind,1,"[['price', 'strike'], ['strike', 'break'], ['hide']]",price;secret;strike;break;memory,"[{'hint': 'salary', 'hint_number': 2, 'intended_targets': ['price', 'strike'], 'guesses': ['price', 'secret'], 'correct': True, 'correct_guesses': ['price'], 'bomb_hit': False}, {'hint': 'deutschbahn', 'hint_number': 2, 'intended_targets': ['strike', 'break'], 'guesses': ['strike', 'break'], 'correct': True, 'correct_guesses': ['strike', 'break'], 'bomb_hit': False}, {'hint': 'notfind', 'hint_number': 1, 'intended_targets': ['hide'], 'guesses': ['memory'], 'correct': False, 'correct_guesses': [], 'bomb_hit': True}]",3,3,1,1,none,0,174.424158,3
2026-05-01T22:36:24.225957,Shima,2,ai_clue,concrete,wood;sugar;bubble;octopus;kiwi;book;ice;bowl;lemon;sword;tie;skyscraper,book;bowl;kiwi;wood,octopus,dish,1,"[['kiwi'], ['book', 'wood', 'bowl'], ['bowl']]",kiwi;book;wood;skyscraper;bowl,"[{'hint': 'fruit', 'hint_number': 1, 'intended_targets': ['kiwi'], 'guesses': ['kiwi'], 'correct': True, 'correct_guesses': ['kiwi'], 'bomb_hit': False}, {'hint': 'read', 'hint_number': 3, 'intended_targets': ['book', 'wood', 'bowl'], 'guesses': ['book', 'wood', 'skyscraper'], 'correct': True, 'correct_guesses': ['book', 'wood'], 'bomb_hit': False}, {'hint': 'dish', 'hint_number': 1, 'intended_targets': ['bowl'], 'guesses': ['bowl'], 'correct': True, 'correct_guesses': ['bowl'], 'bomb_hit': False}]",3,4,1,0,silver,4,101.590353,5
2026-05-01T22:38:53.993445,Shima,3,human_clue,concrete,cotton;baby;cat;tie;bowl;sun;leather;ice;ketchup;bubble;skyscraper;wood,sun;bowl;ketchup;skyscraper,wood,tower,1,"[['ketchup', 'bowl'], ['skyscraper', 'sun'], ['skyscraper']]",ketchup;bowl;sun;ice;skyscraper,"[{'hint': 'food', 'hint_number': 2, 'intended_targets': ['ketchup', 'bowl'], 'guesses': ['ketchup', 'bowl'], 'correct': True, 'correct_guesses': ['ketchup', 'bowl'], 'bomb_hit': False}, {'hint': 'himmel', 'hint_number': 2, 'intended_targets': ['skyscraper', 'sun'], 'guesses': ['sun', 'ice'], 'correct': True, 'correct_guesses': ['sun'], 'bomb_hit': False}, {'hint': 'tower', 'hint_number': 1, 'intended_targets': ['skyscraper'], 'guesses': ['skyscraper'], 'correct': True, 'correct_guesses': ['skyscraper'], 'bomb_hit': False}]",3,4,1,0,silver,4,149.689897,5
2026-05-01T22:39:43.849591,Shima,4,ai_clue,abstract,smile;memory;respect;soul;link;time;strike;melody;luck;secret;wish;surprise,melody;wish;memory;secret,luck,fantasy,3,"[['melody', 'wish', 'memory'], ['melody', 'wish', 'memory']]",secret;surprise;link;melody;wish;luck,"[{'hint': 'hint', 'hint_number': 3, 'intended_targets': ['melody', 'wish', 'memory'], 'guesses': ['secret', 'surprise', 'link'], 'correct': True, 'correct_guesses': ['secret'], 'bomb_hit': False}, {'hint': 'fantasy', 'hint_number': 3, 'intended_targets': ['melody', 'wish', 'memory'], 'guesses': ['melody', 'wish', 'luck'], 'correct': True, 'correct_guesses': ['melody', 'wish'], 'bomb_hit': True}]",2,3,1,1,none,0,49.784052,2
2026-05-01T22:55:15.194098,Siyavash,1,human_clue,abstract,break;game;love;light;memory;birth;hide;hero;degree;price;shadow;time,break;hide;hero;time,game,class,2,"[['time', 'break']]",game;degree,"[{'hint': 'class', 'hint_number': 2, 'intended_targets': ['time', 'break'], 'guesses': ['game', 'degree'], 'correct': False, 'correct_guesses': [], 'bomb_hit': True}]",1,0,0,1,none,0,118.238007,3
2026-05-01T22:57:18.936626,Siyavash,2,human_clue,concrete,sword;skyscraper;baby;wood;water;tie;ball;sun;octopus;ketchup;purse;bubble,tie;sword;skyscraper;sun,baby,high,2,"[['sword', 'skyscraper'], ['skyscraper', 'sun']]",sword;tie;skyscraper;sun,"[{'hint': 'blade', 'hint_number': 2, 'intended_targets': ['sword', 'skyscraper'], 'guesses': ['sword', 'tie'], 'correct': True, 'correct_guesses': ['sword', 'tie'], 'bomb_hit': False}, {'hint': 'high', 'hint_number': 2, 'intended_targets': ['skyscraper', 'sun'], 'guesses': ['skyscraper', 'sun'], 'correct': True, 'correct_guesses': ['skyscraper', 'sun'], 'bomb_hit': False}]",2,4,1,0,gold,5,123.663515,5
2026-05-01T22:59:07.830255,Siyavash,3,human_clue,abstract,hide;time;surprise;soul;luck;light;degree;melody;break;wake;game;price,break;melody;wake;time,game,music,1,"[['time', 'wake', 'melody', 'break'], ['melody']]",wake;break;time;hide;melody,"[{'hint': 'nap', 'hint_number': 4, 'intended_targets': ['time', 'wake', 'melody', 'break'], 'guesses': ['wake', 'break', 'time', 'hide'], 'correct': True, 'correct_guesses': ['wake', 'break', 'time'], 'bomb_hit': False}, {'hint': 'music', 'hint_number': 1, 'intended_targets': ['melody'], 'guesses': ['melody'], 'correct': True, 'correct_guesses': ['melody'], 'bomb_hit': False}]",2,4,1,0,gold,5,108.848629,5
2026-05-01T23:01:13.807559,Siyavash,4,human_clue,concrete,popcorn;tie;igloo;towel;skyscraper;purse;lemon;leather;baby;bubble;sun;book,bubble;lemon;baby;book,popcorn,recipe,2,"[['baby', 'book'], ['book', 'lemon']]",baby;bubble;book;lemon,"[{'hint': 'lullaby', 'hint_number': 2, 'intended_targets': ['baby', 'book'], 'guesses': ['baby', 'bubble'], 'correct': True, 'correct_guesses': ['baby', 'bubble'], 'bomb_hit': False}, {'hint': 'recipe', 'hint_number': 2, 'intended_targets': ['book', 'lemon'], 'guesses': ['book', 'lemon'], 'correct': True, 'correct_guesses': ['book', 'lemon'], 'bomb_hit': False}]",2,4,1,0,gold,5,125.932301,5
2026-05-01T23:02:32.998472,Siyavash,5,ai_clue,abstract,birth;capital;strike;luck;degree;hide;smile;hero;soul;light;memory;wish,soul;degree;memory;hero,luck,remember,1,"[['soul', 'hero'], ['degree', 'memory', 'hero'], ['memory']]",soul;smile;degree;hero;light;memory,"[{'hint': 'spirit', 'hint_number': 2, 'intended_targets': ['soul', 'hero'], 'guesses': ['soul', 'smile'], 'correct': True, 'correct_guesses': ['soul'], 'bomb_hit': False}, {'hint': 'mentor', 'hint_number': 3, 'intended_targets': ['degree', 'memory', 'hero'], 'guesses': ['degree', 'hero', 'light'], 'correct': True, 'correct_guesses': ['degree', 'hero'], 'bomb_hit': False}, {'hint': 'remember', 'hint_number': 1, 'intended_targets': ['memory'], 'guesses': ['memory'], 'correct': True, 'correct_guesses': ['memory'], 'bomb_hit': False}]",3,4,1,0,silver,4,79.1196,3
2026-05-01T23:03:08.786030,Siyavash,6,ai_clue,concrete,kiwi;wood;ice;water;skyscraper;bubble;sugar;soup;sun;ketchup;bowl;baby,bowl;sugar;baby;wood,kiwi,dessert,2,"[['sugar', 'bowl']]",sugar;kiwi,"[{'hint': 'dessert', 'hint_number': 2, 'intended_targets': ['sugar', 'bowl'], 'guesses': ['sugar', 'kiwi'], 'correct': True, 'correct_guesses': ['sugar'], 'bomb_hit': True}]",1,1,1,1,none,0,35.673547,2
2026-05-01T23:03:53.014525,Siyavash,7,ai_clue,abstract,game;link;strike;price;time;ghost;birth;hero;hide;light;capital;degree,strike;game;hero;birth,time,valor,1,"[['game', 'hero'], ['hero', 'birth'], ['hero']]",game;strike;birth;ghost;hero,"[{'hint': 'play', 'hint_number': 2, 'intended_targets': ['game', 'hero'], 'guesses': ['game', 'strike'], 'correct': True, 'correct_guesses': ['game', 'strike'], 'bomb_hit': False}, {'hint': 'life', 'hint_number': 2, 'intended_targets': ['hero', 'birth'], 'guesses': ['birth', 'ghost'], 'correct': True, 'correct_guesses': ['birth'], 'bomb_hit': False}, {'hint': 'valor', 'hint_number': 1, 'intended_targets': ['hero'], 'guesses': ['hero'], 'correct': True, 'correct_guesses': ['hero'], 'bomb_hit': False}]",3,4,1,0,silver,4,44.180616,4
2026-05-01T23:04:42.349854,Siyavash,8,ai_clue,concrete,igloo;octopus;sword;bubble;ketchup;kiwi;sun;leather;water;sugar;wood;soup,igloo;soup;sword;water,octopus,hilt,1,"[['igloo', 'soup'], ['soup', 'sword'], ['sword']]",igloo;water;soup;wood;sword,"[{'hint': 'cold', 'hint_number': 2, 'intended_targets': ['igloo', 'soup'], 'guesses': ['igloo', 'water'], 'correct': True, 'correct_guesses': ['igloo', 'water'], 'bomb_hit': False}, {'hint': 'bowl', 'hint_number': 2, 'intended_targets': ['soup', 'sword'], 'guesses': ['soup', 'wood'], 'correct': True, 'correct_guesses': ['soup'], 'bomb_hit': False}, {'hint': 'hilt', 'hint_number': 1, 'intended_targets': ['sword'], 'guesses': ['sword'], 'correct': True, 'correct_guesses': ['sword'], 'bomb_hit': False}]",3,4,1,0,silver,4,49.291056,3
2026-05-01T23:28:45.859432,Shima,1,human_clue,abstract,light;secret;smile;surprise;break;wake;game;shadow;hero;ghost;melody;time,ghost;wake;light;melody,time,lullaby,2,"[[""light"", ""wake""], [""wake"", ""ghost""], [""melody"", ""wake""]]",light;shadow;ghost;surprise;melody;wake,"[{""turn"": 1, ""clue_giver"": ""human"", ""guesser"": ""ai"", ""hint"": ""sunshine"", ""hint_number"": 2, ""intended_targets"": [""light"", ""wake""], ""guesses"": [""light"", ""shadow""], ""correct_guesses"": [""light""], ""missed_intended_targets"": [""wake""], ""extra_correct_guesses"": [], ""neutral_guesses"": [""shadow""], ""bomb_guess"": null, ""outcome"": ""correct"", ""bomb_hit"": false}, {""turn"": 2, ""clue_giver"": ""human"", ""guesser"": ""ai"", ""hint"": ""nightmare"", ""hint_number"": 2, ""intended_targets"": [""wake"", ""ghost""], ""guesses"": [""ghost"", ""surprise""], ""correct_guesses"": [""ghost""], ""missed_intended_targets"": [""wake""], ""extra_correct_guesses"": [], ""neutral_guesses"": [""surprise""], ""bomb_guess"": null, ""outcome"": ""correct"", ""bomb_hit"": false}, {""turn"": 3, ""clue_giver"": ""human"", ""guesser"": ""ai"", ""hint"": ""lullaby"", ""hint_number"": 2, ""intended_targets"": [""melody"", ""wake""], ""guesses"": [""melody"", ""wake""], ""correct_guesses"": [""melody"", ""wake""], ""missed_intended_targets"": [], ""extra_correct_guesses"": [], ""neutral_guesses"": [], ""bomb_guess"": null, ""outcome"": ""correct"", ""bomb_hit"": false}]",3,4,1,0,silver,4,164.742723,3
2026-05-01T23:31:25.831446,Shima,2,ai_clue,concrete,purse;sword;cotton;skyscraper;bubble;ball;sugar;cat;ice;popcorn;towel;bowl,popcorn;sugar;sword;bubble,purse,cluster,2,"[[""popcorn"", ""sugar""], [""sugar"", ""bubble""], [""sword"", ""bubble""], [""sword"", ""bubble""]]",popcorn;bowl;sugar;cotton;skyscraper;ice;bubble;towel,"[{""turn"": 1, ""clue_giver"": ""ai"", ""guesser"": ""human"", ""hint"": ""snack"", ""hint_number"": 2, ""intended_targets"": [""popcorn"", ""sugar""], ""guesses"": [""popcorn"", ""bowl""], ""correct_guesses"": [""popcorn""], ""missed_intended_targets"": [""sugar""], ""extra_correct_guesses"": [], ""neutral_guesses"": [""bowl""], ""bomb_guess"": null, ""outcome"": ""correct"", ""bomb_hit"": false}, {""turn"": 2, ""clue_giver"": ""ai"", ""guesser"": ""human"", ""hint"": ""sweet"", ""hint_number"": 2, ""intended_targets"": [""sugar"", ""bubble""], ""guesses"": [""sugar"", ""cotton""], ""correct_guesses"": [""sugar""], ""missed_intended_targets"": [""bubble""], ""extra_correct_guesses"": [], ""neutral_guesses"": [""cotton""], ""bomb_guess"": null, ""outcome"": ""correct"", ""bomb_hit"": false}, {""turn"": 3, ""clue_giver"": ""ai"", ""guesser"": ""human"", ""hint"": ""cluster"", ""hint_number"": 2, ""intended_targets"": [""sword"", ""bubble""], ""guesses"": [""skyscraper"", ""ice""], ""correct_guesses"": [], ""missed_intended_targets"": [""sword"", ""bubble""], ""extra_correct_guesses"": [], ""neutral_guesses"": [""skyscraper"", ""ice""], ""bomb_guess"": null, ""outcome"": ""wrong"", ""bomb_hit"": false}, {""turn"": 4, ""clue_giver"": ""ai"", ""guesser"": ""human"", ""hint"": ""cluster"", ""hint_number"": 2, ""intended_targets"": [""sword"", ""bubble""], ""guesses"": [""bubble"", ""towel""], ""correct_guesses"": [""bubble""], ""missed_intended_targets"": [""sword""], ""extra_correct_guesses"": [], ""neutral_guesses"": [""towel""], ""bomb_guess"": null, ""outcome"": ""correct"", ""bomb_hit"": false}]",4,3,1,0,none,0,159.878008,3
2026-05-01T23:33:37.187525,Shima,3,human_clue,abstract,wish;price;love;degree;strike;hide;birth;capital;link;soul;luck;memory,memory;luck;link;price,hide,connect,1,"[[""price"", ""memory""], [""link"", ""luck""], [""link""]]",price;capital;luck;memory;link,"[{""turn"": 1, ""clue_giver"": ""human"", ""guesser"": ""ai"", ""hint"": ""inflation"", ""hint_number"": 2, ""intended_targets"": [""price"", ""memory""], ""guesses"": [""price"", ""capital""], ""correct_guesses"": [""price""], ""missed_intended_targets"": [""memory""], ""extra_correct_guesses"": [], ""neutral_guesses"": [""capital""], ""bomb_guess"": null, ""outcome"": ""correct"", ""bomb_hit"": false}, {""turn"": 2, ""clue_giver"": ""human"", ""guesser"": ""ai"", ""hint"": ""gaming"", ""hint_number"": 2, ""intended_targets"": [""link"", ""luck""], ""guesses"": [""luck"", ""memory""], ""correct_guesses"": [""luck"", ""memory""], ""missed_intended_targets"": [""link""], ""extra_correct_guesses"": [""memory""], ""neutral_guesses"": [], ""bomb_guess"": null, ""outcome"": ""correct"", ""bomb_hit"": false}, {""turn"": 3, ""clue_giver"": ""human"", ""guesser"": ""ai"", ""hint"": ""connect"", ""hint_number"": 1, ""intended_targets"": [""link""], ""guesses"": [""link""], ""correct_guesses"": [""link""], ""missed_intended_targets"": [], ""extra_correct_guesses"": [], ""neutral_guesses"": [], ""bomb_guess"": null, ""outcome"": ""correct"", ""bomb_hit"": false}]",3,4,1,0,silver,4,131.310611,5
2026-05-01T23:34:41.060696,Shima,4,ai_clue,concrete,leather;sun;igloo;kiwi;soup;lemon;book;wood;octopus;baby;ketchup;tie,tie;soup;wood;kiwi,baby,knot,1,"[[""soup"", ""kiwi""], [""kiwi"", ""tie""], [""tie""]]",soup;wood;kiwi;lemon;tie,"[{""turn"": 1, ""clue_giver"": ""ai"", ""guesser"": ""human"", ""hint"": ""bowl"", ""hint_number"": 2, ""intended_targets"": [""soup"", ""kiwi""], ""guesses"": [""soup"", ""wood""], ""correct_guesses"": [""soup"", ""wood""], ""missed_intended_targets"": [""kiwi""], ""extra_correct_guesses"": [""wood""], ""neutral_guesses"": [], ""bomb_guess"": null, ""outcome"": ""correct"", ""bomb_hit"": false}, {""turn"": 2, ""clue_giver"": ""ai"", ""guesser"": ""human"", ""hint"": ""fruit"", ""hint_number"": 2, ""intended_targets"": [""kiwi"", ""tie""], ""guesses"": [""kiwi"", ""lemon""], ""correct_guesses"": [""kiwi""], ""missed_intended_targets"": [""tie""], ""extra_correct_guesses"": [], ""neutral_guesses"": [""lemon""], ""bomb_guess"": null, ""outcome"": ""correct"", ""bomb_hit"": false}, {""turn"": 3, ""clue_giver"": ""ai"", ""guesser"": ""human"", ""hint"": ""knot"", ""hint_number"": 1, ""intended_targets"": [""tie""], ""guesses"": [""tie""], ""correct_guesses"": [""tie""], ""missed_intended_targets"": [], ""extra_correct_guesses"": [], ""neutral_guesses"": [], ""bomb_guess"": null, ""outcome"": ""correct"", ""bomb_hit"": false}]",3,4,1,0,silver,4,63.825172,4
2026-05-01T23:36:01.134740,Shima,5,human_clue,abstract,capital;secret;wish;love;break;memory;respect;soul;luck;birth;smile;degree,love;soul;break;respect,luck,timeout,1,"[[""respect"", ""break"", ""soul"", ""love""], [""break""]]",love;respect;soul;memory;break,"[{""turn"": 1, ""clue_giver"": ""human"", ""guesser"": ""ai"", ""hint"": ""relationship"", ""hint_number"": 4, ""intended_targets"": [""respect"", ""break"", ""soul"", ""love""], ""guesses"": [""love"", ""respect"", ""soul"", ""memory""], ""correct_guesses"": [""love"", ""respect"", ""soul""], ""missed_intended_targets"": [""break""], ""extra_correct_guesses"": [], ""neutral_guesses"": [""memory""], ""bomb_guess"": null, ""outcome"": ""correct"", ""bomb_hit"": false}, {""turn"": 2, ""clue_giver"": ""human"", ""guesser"": ""ai"", ""hint"": ""timeout"", ""hint_number"": 1, ""intended_targets"": [""break""], ""guesses"": [""break""], ""correct_guesses"": [""break""], ""missed_intended_targets"": [], ""extra_correct_guesses"": [], ""neutral_guesses"": [], ""bomb_guess"": null, ""outcome"": ""correct"", ""bomb_hit"": false}]",2,4,1,0,gold,5,80.020039,5
2026-05-01T23:37:04.082424,Shima,6,ai_clue,concrete,sugar;cat;water;bubble;lemon;sun;popcorn;purse;sword;book;skyscraper;soup,book;sugar;soup;popcorn,lemon,sweet,1,"[[""popcorn"", ""sugar""], [""book"", ""sugar""], [""sugar""]]",popcorn;soup;book;sword;sugar,"[{""turn"": 1, ""clue_giver"": ""ai"", ""guesser"": ""human"", ""hint"": ""snack"", ""hint_number"": 2, ""intended_targets"": [""popcorn"", ""sugar""], ""guesses"": [""popcorn"", ""soup""], ""correct_guesses"": [""popcorn"", ""soup""], ""missed_intended_targets"": [""sugar""], ""extra_correct_guesses"": [""soup""], ""neutral_guesses"": [], ""bomb_guess"": null, ""outcome"": ""correct"", ""bomb_hit"": false}, {""turn"": 2, ""clue_giver"": ""ai"", ""guesser"": ""human"", ""hint"": ""read"", ""hint_number"": 2, ""intended_targets"": [""book"", ""sugar""], ""guesses"": [""book"", ""sword""], ""correct_guesses"": [""book""], ""missed_intended_targets"": [""sugar""], ""extra_correct_guesses"": [], ""neutral_guesses"": [""sword""], ""bomb_guess"": null, ""outcome"": ""correct"", ""bomb_hit"": false}, {""turn"": 3, ""clue_giver"": ""ai"", ""guesser"": ""human"", ""hint"": ""sweet"", ""hint_number"": 1, ""intended_targets"": [""sugar""], ""guesses"": [""sugar""], ""correct_guesses"": [""sugar""], ""missed_intended_targets"": [], ""extra_correct_guesses"": [], ""neutral_guesses"": [], ""bomb_guess"": null, ""outcome"": ""correct"", ""bomb_hit"": false}]",3,4,1,0,silver,4,62.845684,4
2026-05-01T23:38:09.751997,Shima,7,human_clue,abstract,link;hide;price;surprise;wake;melody;hero;ghost;game;time;strike;shadow,ghost;wake;link;time,strike,soul,1,"[[""time"", ""link"", ""wake"", ""ghost""], [""ghost""]]",wake;shadow;link;time;ghost,"[{""turn"": 1, ""clue_giver"": ""human"", ""guesser"": ""ai"", ""hint"": ""alarm"", ""hint_number"": 4, ""intended_targets"": [""time"", ""link"", ""wake"", ""ghost""], ""guesses"": [""wake"", ""shadow"", ""link"", ""time""], ""correct_guesses"": [""wake"", ""link"", ""time""], ""missed_intended_targets"": [""ghost""], ""extra_correct_guesses"": [], ""neutral_guesses"": [""shadow""], ""bomb_guess"": null, ""outcome"": ""correct"", ""bomb_hit"": false}, {""turn"": 2, ""clue_giver"": ""human"", ""guesser"": ""ai"", ""hint"": ""soul"", ""hint_number"": 1, ""intended_targets"": [""ghost""], ""guesses"": [""ghost""], ""correct_guesses"": [""ghost""], ""missed_intended_targets"": [], ""extra_correct_guesses"": [], ""neutral_guesses"": [], ""bomb_guess"": null, ""outcome"": ""correct"", ""bomb_hit"": false}]",2,4,1,0,gold,5,65.624531,5
2026-05-01T23:40:03.822011,Shima,8,ai_clue,concrete,wood;ketchup;octopus;igloo;leather;ice;towel;kiwi;ball;tie;cotton;bowl,octopus;towel;ice;ketchup,wood,condiment,1,"[[""octopus"", ""ice"", ""towel""], [""towel"", ""ketchup""], [""ketchup""]]",ice;bowl;octopus;towel;igloo;ketchup,"[{""turn"": 1, ""clue_giver"": ""ai"", ""guesser"": ""human"", ""hint"": ""water"", ""hint_number"": 3, ""intended_targets"": [""octopus"", ""ice"", ""towel""], ""guesses"": [""ice"", ""bowl"", ""octopus""], ""correct_guesses"": [""ice"", ""octopus""], ""missed_intended_targets"": [""towel""], ""extra_correct_guesses"": [], ""neutral_guesses"": [""bowl""], ""bomb_guess"": null, ""outcome"": ""correct"", ""bomb_hit"": false}, {""turn"": 2, ""clue_giver"": ""ai"", ""guesser"": ""human"", ""hint"": ""clean"", ""hint_number"": 2, ""intended_targets"": [""towel"", ""ketchup""], ""guesses"": [""towel"", ""igloo""], ""correct_guesses"": [""towel""], ""missed_intended_targets"": [""ketchup""], ""extra_correct_guesses"": [], ""neutral_guesses"": [""igloo""], ""bomb_guess"": null, ""outcome"": ""correct"", ""bomb_hit"": false}, {""turn"": 3, ""clue_giver"": ""ai"", ""guesser"": ""human"", ""hint"": ""condiment"", ""hint_number"": 1, ""intended_targets"": [""ketchup""], ""guesses"": [""ketchup""], ""correct_guesses"": [""ketchup""], ""missed_intended_targets"": [], ""extra_correct_guesses"": [], ""neutral_guesses"": [], ""bomb_guess"": null, ""outcome"": ""correct"", ""bomb_hit"": false}]",3,4,1,0,silver,4,114.022862,5
2026-05-01T23:43:31.945083,Shima,1,human_clue,abstract,price;ghost;wish;hide;wake;respect;surprise;link;hero;shadow;degree;smile,wish;smile;hero;hide,price,find,1,"[[""hero"", ""wish"", ""hide""], [""wish"", ""smile""], [""hide""]]",hero;shadow;surprise;smile;wish;hide,"[{""turn"": 1, ""clue_giver"": ""human"", ""guesser"": ""ai"", ""hint"": ""batman"", ""hint_number"": 3, ""intended_targets"": [""hero"", ""wish"", ""hide""], ""guesses"": [""hero"", ""shadow"", ""surprise""], ""correct_guesses"": [""hero""], ""missed_intended_targets"": [""wish"", ""hide""], ""extra_correct_guesses"": [], ""neutral_guesses"": [""shadow"", ""surprise""], ""bomb_guess"": null, ""outcome"": ""correct"", ""bomb_hit"": false}, {""turn"": 2, ""clue_giver"": ""human"", ""guesser"": ""ai"", ""hint"": ""happiness"", ""hint_number"": 2, ""intended_targets"": [""wish"", ""smile""], ""guesses"": [""smile"", ""wish""], ""correct_guesses"": [""smile"", ""wish""], ""missed_intended_targets"": [], ""extra_correct_guesses"": [], ""neutral_guesses"": [], ""bomb_guess"": null, ""outcome"": ""correct"", ""bomb_hit"": false}, {""turn"": 3, ""clue_giver"": ""human"", ""guesser"": ""ai"", ""hint"": ""find"", ""hint_number"": 1, ""intended_targets"": [""hide""], ""guesses"": [""hide""], ""correct_guesses"": [""hide""], ""missed_intended_targets"": [], ""extra_correct_guesses"": [], ""neutral_guesses"": [], ""bomb_guess"": null, ""outcome"": ""correct"", ""bomb_hit"": false}]",3,4,1,0,silver,4,90.74495,5
2026-05-01T23:50:52.962250,Shima,1,human_clue,abstract,love;wish;price;game;hide;hero;shadow;luck;time;degree;capital;smile,hide;hero;price;smile,time,batman,3,"[[""price"", ""smile""], [""smile"", ""hero"", ""hide""]]",price;luck;hero;shadow;time,"[{""turn"": 1, ""clue_giver"": ""human"", ""guesser"": ""ai"", ""hint"": ""rabatt"", ""hint_number"": 2, ""intended_targets"": [""price"", ""smile""], ""guesses"": [""price"", ""luck""], ""correct_guesses"": [""price""], ""missed_intended_targets"": [""smile""], ""extra_correct_guesses"": [], ""neutral_guesses"": [""luck""], ""bomb_guess"": null, ""outcome"": ""correct"", ""bomb_hit"": false}, {""turn"": 2, ""clue_giver"": ""human"", ""guesser"": ""ai"", ""hint"": ""batman"", ""hint_number"": 3, ""intended_targets"": [""smile"", ""hero"", ""hide""], ""guesses"": [""hero"", ""shadow"", ""time""], ""correct_guesses"": [""hero""], ""missed_intended_targets"": [""smile"", ""hide""], ""extra_correct_guesses"": [], ""neutral_guesses"": [""shadow""], ""bomb_guess"": ""time"", ""outcome"": ""bomb"", ""bomb_hit"": true}]",2,2,1,1,none,0,76.028922,2
2026-05-01T23:52:08.719003,Shima,2,ai_clue,concrete,soup;ball;towel;sun;bubble;wood;leather;popcorn;tie;ketchup;ice;sword,sun;tie;sword;wood,ball,tree,1,"[[""sun"", ""sword""], [""tie"", ""wood""], [""wood""]]",sun;sword;tie;leather;wood,"[{""turn"": 1, ""clue_giver"": ""ai"", ""guesser"": ""human"", ""hint"": ""light"", ""hint_number"": 2, ""intended_targets"": [""sun"", ""sword""], ""guesses"": [""sun"", ""sword""], ""correct_guesses"": [""sun"", ""sword""], ""missed_intended_targets"": [], ""extra_correct_guesses"": [], ""neutral_guesses"": [], ""bomb_guess"": null, ""outcome"": ""correct"", ""bomb_hit"": false}, {""turn"": 2, ""clue_giver"": ""ai"", ""guesser"": ""human"", ""hint"": ""knot"", ""hint_number"": 2, ""intended_targets"": [""tie"", ""wood""], ""guesses"": [""tie"", ""leather""], ""correct_guesses"": [""tie""], ""missed_intended_targets"": [""wood""], ""extra_correct_guesses"": [], ""neutral_guesses"": [""leather""], ""bomb_guess"": null, ""outcome"": ""correct"", ""bomb_hit"": false}, {""turn"": 3, ""clue_giver"": ""ai"", ""guesser"": ""human"", ""hint"": ""tree"", ""hint_number"": 1, ""intended_targets"": [""wood""], ""guesses"": [""wood""], ""correct_guesses"": [""wood""], ""missed_intended_targets"": [], ""extra_correct_guesses"": [], ""neutral_guesses"": [], ""bomb_guess"": null, ""outcome"": ""correct"", ""bomb_hit"": false}]",3,4,1,0,silver,4,75.632746,4
2026-05-01T23:53:32.025694,Shima,3,human_clue,abstract,melody;surprise;soul;wake;light;strike;memory;birth;break;ghost;secret;link,light;secret;memory;surprise,birth,hide,1,"[[""surprise"", ""memory"", ""secret"", ""light""], [""secret""]]",light;surprise;memory;ghost;secret,"[{""turn"": 1, ""clue_giver"": ""human"", ""guesser"": ""ai"", ""hint"": ""party"", ""hint_number"": 4, ""intended_targets"": [""surprise"", ""memory"", ""secret"", ""light""], ""guesses"": [""light"", ""surprise"", ""memory"", ""ghost""], ""correct_guesses"": [""light"", ""surprise"", ""memory""], ""missed_intended_targets"": [""secret""], ""extra_correct_guesses"": [], ""neutral_guesses"": [""ghost""], ""bomb_guess"": null, ""outcome"": ""correct"", ""bomb_hit"": false}, {""turn"": 2, ""clue_giver"": ""human"", ""guesser"": ""ai"", ""hint"": ""hide"", ""hint_number"": 1, ""intended_targets"": [""secret""], ""guesses"": [""secret""], ""correct_guesses"": [""secret""], ""missed_intended_targets"": [], ""extra_correct_guesses"": [], ""neutral_guesses"": [], ""bomb_guess"": null, ""outcome"": ""correct"", ""bomb_hit"": false}]",2,4,1,0,gold,5,83.228683,5
2026-05-01T23:58:56.256103,Shima,4,ai_clue,concrete,cotton;skyscraper;kiwi;purse;sugar;book;cat;octopus;baby;igloo;lemon;bowl,lemon;purse;baby;octopus,sugar,ocean,1,"[[""lemon""], [""purse"", ""baby""], [""baby"", ""octopus""], [""octopus""]]",lemon;purse;cotton;skyscraper;igloo;octopus,"[{""turn"": 1, ""clue_giver"": ""ai"", ""guesser"": ""human"", ""hint"": ""fruit"", ""hint_number"": 1, ""intended_targets"": [""lemon""], ""guesses"": [""lemon""], ""correct_guesses"": [""lemon""], ""missed_intended_targets"": [], ""extra_correct_guesses"": [], ""neutral_guesses"": [], ""bomb_guess"": null, ""outcome"": ""correct"", ""bomb_hit"": false}, {""turn"": 2, ""clue_giver"": ""ai"", ""guesser"": ""human"", ""hint"": ""bag"", ""hint_number"": 2, ""intended_targets"": [""purse"", ""baby""], ""guesses"": [""purse"", ""cotton""], ""correct_guesses"": [""purse""], ""missed_intended_targets"": [""baby""], ""extra_correct_guesses"": [], ""neutral_guesses"": [""cotton""], ""bomb_guess"": null, ""outcome"": ""correct"", ""bomb_hit"": false}, {""turn"": 3, ""clue_giver"": ""ai"", ""guesser"": ""human"", ""hint"": ""hatch"", ""hint_number"": 2, ""intended_targets"": [""baby"", ""octopus""], ""guesses"": [""skyscraper"", ""igloo""], ""correct_guesses"": [], ""missed_intended_targets"": [""baby"", ""octopus""], ""extra_correct_guesses"": [], ""neutral_guesses"": [""skyscraper"", ""igloo""], ""bomb_guess"": null, ""outcome"": ""wrong"", ""bomb_hit"": false}, {""turn"": 4, ""clue_giver"": ""ai"", ""guesser"": ""human"", ""hint"": ""ocean"", ""hint_number"": 1, ""intended_targets"": [""octopus""], ""guesses"": [""octopus""], ""correct_guesses"": [""octopus""], ""missed_intended_targets"": [], ""extra_correct_guesses"": [], ""neutral_guesses"": [], ""bomb_guess"": null, ""outcome"": ""correct"", ""bomb_hit"": false}]",4,3,1,0,none,0,324.184208,3
