timestamp,participant_id,round,role,word_type,board,targets,bomb,hint,hint_number,intended_targets,guesses,interaction_history,turns,skips,targets_found,correct,bomb_hit,medal,score_change,response_time_sec,perception_rating,ai_round_reflection,human_round_feedback
2026-05-19T18:15:49.323676,1,1,human_clue,abstract,time;respect;capital;love;hide;light;shadow;hero;surprise;game;strike;wish;break;link;birth,wish;birth;light;link;surprise,time,connect,1,"[[""surprise"", ""birth"", ""wish""], [""link"", ""wish""], [""link""]]",surprise;light;birth;wish;hide;link,"[{""turn"": 1, ""clue_giver"": ""human"", ""guesser"": ""ai"", ""hint"": ""joy"", ""hint_number"": 3, ""intended_targets"": [""surprise"", ""birth"", ""wish""], ""guesses"": [""surprise"", ""light"", ""birth""], ""correct_guesses"": [""surprise"", ""light"", ""birth""], ""missed_intended_targets"": [""wish""], ""extra_correct_guesses"": [""light""], ""neutral_guesses"": [], ""bomb_guess"": null, ""outcome"": ""correct"", ""skipped"": false, ""skipped_by"": """", ""bomb_hit"": false, ""ai_understanding_rating_before"": 4, ""ai_understanding_rating_after"": 4}, {""turn"": 2, ""clue_giver"": ""human"", ""guesser"": ""ai"", ""hint"": ""heart"", ""hint_number"": 2, ""intended_targets"": [""link"", ""wish""], ""guesses"": [""wish"", ""hide""], ""correct_guesses"": [""wish""], ""missed_intended_targets"": [""link""], ""extra_correct_guesses"": [], ""neutral_guesses"": [""hide""], ""bomb_guess"": null, ""outcome"": ""correct"", ""skipped"": false, ""skipped_by"": """", ""bomb_hit"": false, ""ai_understanding_rating_before"": 3, ""ai_understanding_rating_after"": 3}, {""turn"": 3, ""clue_giver"": ""human"", ""guesser"": ""ai"", ""hint"": ""connect"", ""hint_number"": 1, ""intended_targets"": [""link""], ""guesses"": [""link""], ""correct_guesses"": [""link""], ""missed_intended_targets"": [], ""extra_correct_guesses"": [], ""neutral_guesses"": [], ""bomb_guess"": null, ""outcome"": ""correct"", ""skipped"": false, ""skipped_by"": """", ""bomb_hit"": false, ""ai_understanding_rating_before"": 5, ""ai_understanding_rating_after"": 5}]",3,0,5,1,0,silver,4,360.0686,5,"Great job this round! Your clues were well thought out and led to successful guesses. 

1. For ""joy,"" you aimed for ""surprise,"" ""birth,"" and ""wish."" This was a strong choice, as all three words evoke positive emotions. Your guesses of ""surprise,"" ""light,"" and ""birth"" were spot on, and it was great to see ""light"" also connect, although it wasn't one of your targets.

2. The clue ""heart"" for ""link"" and ""wish"" was effective. Both words can be associated with emotional connections, making it clear. Your guess of ""wish"" was correct, but ""hide"" was a risky choice since it was a neutral word.

3. ""Connect"" for ""link"" was straightforward and led to a correct guess.

Overall, you navigated the clues well, avoiding the bomb and neutral words. For future rounds, consider using more descriptive or thematic clues to further guide the guesses. Keeping track of previously guessed words can also help avoid overlaps with neutral words. Keep up the great teamwork!",
2026-05-19T18:18:54.178043,1,2,ai_clue,abstract,secret;capital;ghost;smile;shadow;strike;melody;link;hero;birth;break;respect;light;price;wake,light;melody;smile;link;shadow,birth,cheer,2,"[[""light"", ""melody"", ""smile""], [""light"", ""melody"", ""smile""], [""melody"", ""smile"", ""link""], [""smile"", ""link""]]",light;secret;shadow;melody;ghost;hero;respect;smile,"[{""turn"": 1, ""clue_giver"": ""ai"", ""guesser"": ""human"", ""hint"": ""hint"", ""hint_number"": 3, ""intended_targets"": [""light"", ""melody"", ""smile""], ""guesses"": [], ""correct_guesses"": [], ""missed_intended_targets"": [""light"", ""melody"", ""smile""], ""extra_correct_guesses"": [], ""neutral_guesses"": [], ""bomb_guess"": null, ""outcome"": ""skip"", ""skipped"": true, ""skipped_by"": ""human"", ""bomb_hit"": false, ""ai_understanding_rating_before"": null, ""ai_understanding_rating_after"": null}, {""turn"": 2, ""clue_giver"": ""ai"", ""guesser"": ""human"", ""hint"": ""radiance"", ""hint_number"": 3, ""intended_targets"": [""light"", ""melody"", ""smile""], ""guesses"": [""light"", ""secret"", ""shadow""], ""correct_guesses"": [""light"", ""shadow""], ""missed_intended_targets"": [""melody"", ""smile""], ""extra_correct_guesses"": [""shadow""], ""neutral_guesses"": [""secret""], ""bomb_guess"": null, ""outcome"": ""correct"", ""skipped"": false, ""skipped_by"": """", ""bomb_hit"": false, ""ai_understanding_rating_before"": null, ""ai_understanding_rating_after"": null}, {""turn"": 3, ""clue_giver"": ""ai"", ""guesser"": ""human"", ""hint"": ""harmony"", ""hint_number"": 3, ""intended_targets"": [""melody"", ""smile"", ""link""], ""guesses"": [""melody"", ""ghost"", ""hero""], ""correct_guesses"": [""melody""], ""missed_intended_targets"": [""smile"", ""link""], ""extra_correct_guesses"": [], ""neutral_guesses"": [""ghost"", ""hero""], ""bomb_guess"": null, ""outcome"": ""correct"", ""skipped"": false, ""skipped_by"": """", ""bomb_hit"": false, ""ai_understanding_rating_before"": null, ""ai_understanding_rating_after"": null}, {""turn"": 4, ""clue_giver"": ""ai"", ""guesser"": ""human"", ""hint"": ""cheer"", ""hint_number"": 2, ""intended_targets"": [""smile"", ""link""], ""guesses"": [""respect"", ""smile""], ""correct_guesses"": [""smile""], ""missed_intended_targets"": [""link""], ""extra_correct_guesses"": [], ""neutral_guesses"": [""respect""], ""bomb_guess"": null, ""outcome"": ""correct"", ""skipped"": false, ""skipped_by"": """", ""bomb_hit"": false, ""ai_understanding_rating_before"": null, ""ai_understanding_rating_after"": null}]",4,1,4,1,0,none,0,184.75443,3,"In this round, I aimed to connect the words ""light,"" ""melody,"" and ""smile"" with the clue ""radiance."" This was effective as ""light"" directly relates to radiance, and ""smile"" can evoke a warm, radiant feeling, while ""shadow"" was a safe choice to avoid the bomb and neutral words. 

The second clue, ""harmony,"" was intended to link ""melody,"" ""smile,"" and ""link."" I was pleased that you correctly guessed ""melody,"" but ""link"" was missed, likely due to the association being less direct. 

For the clue ""cheer,"" I aimed for ""smile"" and ""link,"" and you correctly identified ""smile,"" which was great! However, ""link"" was again missed, possibly due to the ambiguity of ""cheer"" in relation to connections.

Overall, we skipped the first hint, which may have been too broad. In future rounds, consider providing more specific clues or focusing on fewer words to enhance clarity. Clear communication about associations can help us avoid neutral words and maximize our guesses. Let's keep refining our strategy!",
