session_id,timestamp_utc,participant_id,condition,starting_role,round,round_number,round_role,role,word_type,board_template_type,word_type_per_card,target_word_types,neutral_word_types,bomb_word_types,turn,turn_number,clue_giver,guesser,hint,clue,hint_number,clue_number,intended_targets,intended_cards,hint_explanation,guesses,guessed_cards,guessed_word_types,correct_guesses,correct_guess_word_types,incorrect_guesses,incorrect_guess_word_types,missed_intended_targets,extra_correct_guesses,neutral_guesses,bomb_guess,outcome,alignment_status,error_type,skipped,skipped_by,bomb_hit,round_medal,round_success,ai_understanding_rating_before,ai_understanding_rating_after,hint_response_time_sec,hint_attempts,hint_used_fallback,guess_response_time_sec,hint_raw_response,guess_raw_response,human_understanding_rating,human_relationship_type,human_explanation_raw,human_explanation_is_valid,human_explanation_blocked_reason,ai_relationship_type,ai_explanation_raw,ai_explanation_sanitized,ai_explanation_is_valid,ai_explanation_blocked_reason,ai_explanation,reflection_source,reflection_rating,reflection_relationship_type,reflection_explanation_raw,reflection_explanation_is_valid,reflection_blocked_reason,interaction_recorded_at
bf087ead-1d66-4be3-b594-a58ad313093c,2026-06-16T11:32:19.927973,bibeg,adaptive,ai_clue,1,1,ai_clue,ai_clue,mixed,A,"{""Means"": ""abstract"", ""Space"": ""abstract"", ""Dance"": ""abstract"", ""Game"": ""abstract"", ""Theater"": ""concrete"", ""Cake"": ""concrete"", ""Resolution"": ""abstract"", ""Pen"": ""concrete"", ""Moon"": ""concrete"", ""Chair"": ""concrete"", ""Freedom"": ""abstract"", ""Lens"": ""concrete"", ""East"": ""abstract"", ""Ice"": ""concrete"", ""Tower"": ""concrete"", ""Blue"": ""abstract""}",abstract;abstract;abstract;concrete;concrete,abstract;abstract;abstract;abstract;concrete;concrete;concrete;concrete;concrete,abstract;concrete,1,1,ai,human,writing,writing,2,2,Pen;Means,Pen;Means,"The clue 'writing' connects 'Pen' and 'Means' because pens are tools for writing, and 'means' can refer to methods or ways of doing something, including writing. This clue does not relate to any of the neutrals or bombs, as none of them are directly associated with writing.",Pen;Chair,Pen;Chair,concrete;concrete,Pen,concrete,Chair,concrete,Means,,Chair,,correct,partial,neutral,0,,0,none,0,,,2.779,1,0,,"{
  ""reasoning"": ""The clue 'writing' connects 'Pen' and 'Means' because pens are tools for writing, and 'means' can refer to methods or ways of doing something, including writing. This clue does not relate to any of the neutrals or bombs, as none of them are directly associated with writing."",
  ""clue"": ""writing"",
  ""number"": 2,
  ""targets"": [""Pen"", ""Means""]
}",,3,,,True,,Function / use or purpose,The clue relates to tools and methods involved in the process of creating written content.,The clue relates to tools and methods involved in the process of creating written content.,True,,The clue relates to tools and methods involved in the process of creating written content.,ai_clue_giver,3,,,True,,2026-06-16T11:30:53.504753
bf087ead-1d66-4be3-b594-a58ad313093c,2026-06-16T11:32:19.927973,bibeg,adaptive,ai_clue,1,1,ai_clue,ai_clue,mixed,A,"{""Means"": ""abstract"", ""Space"": ""abstract"", ""Dance"": ""abstract"", ""Game"": ""abstract"", ""Theater"": ""concrete"", ""Cake"": ""concrete"", ""Resolution"": ""abstract"", ""Pen"": ""concrete"", ""Moon"": ""concrete"", ""Chair"": ""concrete"", ""Freedom"": ""abstract"", ""Lens"": ""concrete"", ""East"": ""abstract"", ""Ice"": ""concrete"", ""Tower"": ""concrete"", ""Blue"": ""abstract""}",abstract;abstract;abstract;concrete;concrete,abstract;abstract;abstract;abstract;concrete;concrete;concrete;concrete;concrete,abstract;concrete,2,2,ai,human,performance,performance,2,2,Dance;Means,Dance;Means,"I chose 'Dance' and 'Means' because they can both relate to the concept of 'performance'. 'Dance' is a form of performance, and 'Means' can relate to methods or ways of executing a performance. The bombs 'Resolution' and 'Theater' are not directly related to 'performance' as a concept since 'Resolution' is more about decision-making and 'Theater' is a venue, not the",Theater,Theater,concrete,,,Theater,concrete,Dance;Means,,,Theater,bomb,misaligned,bomb,0,,1,none,0,,,2.075,1,0,,"{
  ""reasoning"": ""I chose 'Dance' and 'Means' because they can both relate to the concept of 'performance'. 'Dance' is a form of performance, and 'Means' can relate to methods or ways of executing a performance. The bombs 'Resolution' and 'Theater' are not directly related to 'performance' as a concept since 'Resolution' is more about decision-making and 'Theater' is a venue, not the act itself. Neutrals like 'Freedom', 'Space', 'Game', 'Blue', 'Moon', 'Lens', 'Ice', 'Cake', and 'Chair' do not have a clear connection to the act of performing."",
  ""clue"": ""performance"",
  ""number"": 2,
  ""targets"": [""Dance"", ""Means""]
}",,1,,,True,,Theme / shared situation,Both relate to the concept of executing or presenting an artistic or skillful display.,Both relate to the concept of executing or presenting an artistic or skillful display.,True,,Both relate to the concept of executing or presenting an artistic or skillful display.,ai_clue_giver,1,,,True,,2026-06-16T11:31:28.362605
