session_id,timestamp_utc,participant_id,round,role,word_type,board,targets,bomb,neutral_words,clues_used,guesses,turns,skips,targets_found,any_target_correct,all_targets_found,bomb_hit,medal,score_change,round_duration_sec,perception_rating_end,ai_round_reflection,human_round_feedback
ec5a3efa-3f02-4c44-8c82-dd481884517d,2026-05-20T22:31:41.001023,SAG,1,human_clue,concrete,Shoe;Tower;Ship;Fork;Theater;Shell;Chair;Elevator;Police;Chocolate;Ball;Sea;King;Ice;Penguin,Tower;Chocolate;Ship;Police;Elevator,Shell,Penguin;Ball;Fork;Sea;Ice;Shoe;Theater;King;Chair,high;pirate;pirates;boat,Tower;Elevator;Shoe;Ice;Theater;Penguin;Police,4,0,3,1,0,0,none,0,239.216,1,"In this round, I noticed that your first clue ""high"" perfectly led me to guess both Tower and Elevator, as both are commonly associated with height. That was a great start!

However, I struggled with the ""pirate"" and ""pirates"" clues. I didn't connect these to Ship and Police. Instead, I mistakenly guessed Shoe, Ice, Theater, and Penguin. The association with pirates might have been too broad for me, as I didn't link pirates directly to ships or law enforcement (police). I was likely distracted by thematic or narrative elements that felt pirate-like, such as a theater setting or penguin (thinking of animated pirate movies).

When you shifted to ""boat,"" I correctly guessed Police, which was unexpected. This might have been due to thinking of police boats, but it wasn't the intended target.

For the next round, let's try to use more direct or specific associations for each word, especially when dealing with broad themes like ""pirate."" This can help me make clearer connections to the intended targets. Looking forward to our next game!",
ec5a3efa-3f02-4c44-8c82-dd481884517d,2026-05-20T22:33:48.232428,SAG,2,ai_clue,abstract,Relocation;Year;Customs;Point;Blue;Intent;Illness;Means;Bond;Resolution;Source;Association;Time;Good;Game,Means;Source;Customs;Association;Point,Year,Time;Illness;Blue;Resolution;Relocation;Game;Bond;Intent;Good,connection;origin;tradition;purpose,Association;Intent;Source;Good;Customs;Relocation;Means;Bond,4,0,4,1,0,0,none,0,127.142,3,"This round was a bit challenging, but we managed to avoid the bomb, which is great! Here's a breakdown of the clues:

1. **Connection**: I aimed for ""Association"" and ""Source,"" thinking of how connections can be both relationships and origins. You picked ""Association"" correctly, but ""Intent"" was a bit of a stretch. Perhaps ""Intent"" felt like a connection in terms of purpose.

2. **Origin**: I intended this for ""Means"" and ""Source,"" as both relate to beginnings or causes. You got ""Source,"" but ""Good"" might have seemed like a positive origin.

3. **Tradition**: This was meant for ""Means"" and ""Customs,"" thinking of traditional practices. You correctly chose ""Customs,"" but ""Relocation"" might have seemed like a tradition of moving or migration.

4. **Purpose**: I aimed for ""Means"" and ""Point,"" as both relate to reasons or goals. You got ""Means,"" but ""Bond"" might have seemed like a purpose in terms of relationships.

Next time, let's focus on using more specific or unique clues to avoid overlaps with neutral words. This might help us pinpoint targets more accurately. Looking forward to our next round!",
2026-05-21T06:44:39.916111,Shimaaa,1,human_clue,abstract,hide;melody;link;ghost;wake;shadow;luck;respect;capital;memory;secret;price;wish;light;degree,degree;light;luck;link;memory,ghost,time,1,"[[""light"", ""luck"", ""link""], [""light"", ""luck"", ""link""], [""link"", ""luck"", ""light""], [""memory""]]",light;link;luck;wake,"[{""turn"": 1, ""clue_giver"": ""human"", ""guesser"": ""ai"", ""hint"": ""treel"", ""hint_number"": 3, ""intended_targets"": [""light"", ""luck"", ""link""], ""guesses"": [], ""correct_guesses"": [], ""missed_intended_targets"": [""light"", ""luck"", ""link""], ""extra_correct_guesses"": [], ""neutral_guesses"": [], ""bomb_guess"": null, ""outcome"": ""skip"", ""skipped"": true, ""skipped_by"": ""ai"", ""bomb_hit"": false, ""ai_understanding_rating_before"": null, ""ai_understanding_rating_after"": null}, {""turn"": 2, ""clue_giver"": ""human"", ""guesser"": ""ai"", ""hint"": ""star"", ""hint_number"": 3, ""intended_targets"": [""light"", ""luck"", ""link""], ""guesses"": [], ""correct_guesses"": [], ""missed_intended_targets"": [""light"", ""luck"", ""link""], ""extra_correct_guesses"": [], ""neutral_guesses"": [], ""bomb_guess"": null, ""outcome"": ""skip"", ""skipped"": true, ""skipped_by"": ""ai"", ""bomb_hit"": false, ""ai_understanding_rating_before"": null, ""ai_understanding_rating_after"": null}, {""turn"": 3, ""clue_giver"": ""human"", ""guesser"": ""ai"", ""hint"": ""starts"", ""hint_number"": 3, ""intended_targets"": [""link"", ""luck"", ""light""], ""guesses"": [""light"", ""link"", ""luck""], ""correct_guesses"": [""light"", ""link"", ""luck""], ""missed_intended_targets"": [], ""extra_correct_guesses"": [], ""neutral_guesses"": [], ""bomb_guess"": null, ""outcome"": ""correct"", ""skipped"": false, ""skipped_by"": """", ""bomb_hit"": false, ""ai_understanding_rating_before"": 4, ""ai_understanding_rating_after"": 5}, {""turn"": 4, ""clue_giver"": ""human"", ""guesser"": ""ai"", ""hint"": ""time"", ""hint_number"": 1, ""intended_targets"": [""memory""], ""guesses"": [""wake""], ""correct_guesses"": [], ""missed_intended_targets"": [""memory""], ""extra_correct_guesses"": [], ""neutral_guesses"": [""wake""], ""bomb_guess"": null, ""outcome"": ""wrong"", ""skipped"": false, ""skipped_by"": """", ""bomb_hit"": false, ""ai_understanding_rating_before"": 4, ""ai_understanding_rating_after"": 1}]",4,2,3,1,0,none,0,363.886589,1,"In this round, your clues were creative but faced some challenges. For ""treel"" and ""star,"" you aimed for ""light,"" ""luck,"" and ""link,"" but they didn't resonate with me, leading to skips. It might help to choose more direct or commonly associated words for clarity.

Your final clue, ""time,"" was intended for ""memory,"" but I misinterpreted it and guessed ""wake,"" which is related but not the target. The connection between time and memory is valid, but it may not be immediately obvious in the context of the other words.

Moving forward, consider using clues that have clearer associations or broader contexts. For example, ""memory"" could be linked to ""past"" or ""recall."" Additionally, try to gauge how your clues might be interpreted by me to avoid miscommunication.

Overall, maintaining a consistent theme or context in your clues could enhance our guessing accuracy. Let's work on refining our communication to improve our success in future rounds!",
2026-05-21T06:45:44.854791,Shimaaa,2,ai_clue,abstract,ghost;wish;secret;strike;link;shadow;game;break;light;luck;smile;melody;soul;hide;capital,shadow;soul;melody;luck;break,smile,harmony,3,"[[""shadow"", ""soul"", ""melody""], [""melody"", ""soul"", ""shadow""]]",luck;link;hide;melody;light;smile,"[{""turn"": 1, ""clue_giver"": ""ai"", ""guesser"": ""human"", ""hint"": ""hint"", ""hint_number"": 3, ""intended_targets"": [""shadow"", ""soul"", ""melody""], ""guesses"": [""luck"", ""link"", ""hide""], ""correct_guesses"": [""luck""], ""missed_intended_targets"": [""shadow"", ""soul"", ""melody""], ""extra_correct_guesses"": [""luck""], ""neutral_guesses"": [""link"", ""hide""], ""bomb_guess"": null, ""outcome"": ""correct"", ""skipped"": false, ""skipped_by"": """", ""bomb_hit"": false, ""ai_understanding_rating_before"": null, ""ai_understanding_rating_after"": null}, {""turn"": 2, ""clue_giver"": ""ai"", ""guesser"": ""human"", ""hint"": ""harmony"", ""hint_number"": 3, ""intended_targets"": [""melody"", ""soul"", ""shadow""], ""guesses"": [""melody"", ""light"", ""smile""], ""correct_guesses"": [""melody""], ""missed_intended_targets"": [""soul"", ""shadow""], ""extra_correct_guesses"": [], ""neutral_guesses"": [""light""], ""bomb_guess"": ""smile"", ""outcome"": ""bomb"", ""skipped"": false, ""skipped_by"": """", ""bomb_hit"": true, ""ai_understanding_rating_before"": null, ""ai_understanding_rating_after"": null}]",2,0,2,1,1,none,0,63.064701,3,"In this round, I provided the clue ""hint"" to target ""shadow,"" ""soul,"" and ""melody."" I aimed for abstract connections, as these words share themes of depth and emotion. Unfortunately, you guessed ""luck,"" ""link,"" and ""hide."" While ""luck"" was correct, the other guesses missed the mark, likely due to their more concrete nature.

For my second clue, ""harmony,"" I intended to connect ""melody,"" ""soul,"" and ""shadow."" While you correctly identified ""melody,"" the guess of ""light"" led to hitting the bomb ""smile."" This was risky because ""light"" can be associated with ""shadow,"" but it also has a strong positive connotation that could mislead.

Going forward, we should focus on clearer communication about abstract concepts and how they relate to our target words. It might help to discuss potential associations before making guesses, especially when the clues are more abstract. Let's also be cautious about the emotional connotations of words to avoid bombs.",
2026-05-21T06:47:20.582170,Shimaaa,3,human_clue,concrete,bubble;baby;sun;leather;wood;water;soup;book;ice;cat;cotton;lemon;ball;sword;octopus,ice;lemon;sword;water;sun,wood,blume,1,"[[""sword""], [""lemon"", ""sword""], [""ice""], [""ice""]]",leather;ball,"[{""turn"": 1, ""clue_giver"": ""human"", ""guesser"": ""ai"", ""hint"": ""material"", ""hint_number"": 1, ""intended_targets"": [""sword""], ""guesses"": [""leather""], ""correct_guesses"": [], ""missed_intended_targets"": [""sword""], ""extra_correct_guesses"": [], ""neutral_guesses"": [""leather""], ""bomb_guess"": null, ""outcome"": ""wrong"", ""skipped"": false, ""skipped_by"": """", ""bomb_hit"": false, ""ai_understanding_rating_before"": 3, ""ai_understanding_rating_after"": 1}, {""turn"": 2, ""clue_giver"": ""human"", ""guesser"": ""ai"", ""hint"": ""tree"", ""hint_number"": 2, ""intended_targets"": [""lemon"", ""sword""], ""guesses"": [], ""correct_guesses"": [], ""missed_intended_targets"": [""lemon"", ""sword""], ""extra_correct_guesses"": [], ""neutral_guesses"": [], ""bomb_guess"": null, ""outcome"": ""skip"", ""skipped"": true, ""skipped_by"": ""ai"", ""bomb_hit"": false, ""ai_understanding_rating_before"": null, ""ai_understanding_rating_after"": null}, {""turn"": 3, ""clue_giver"": ""human"", ""guesser"": ""ai"", ""hint"": ""treees"", ""hint_number"": 1, ""intended_targets"": [""ice""], ""guesses"": [], ""correct_guesses"": [], ""missed_intended_targets"": [""ice""], ""extra_correct_guesses"": [], ""neutral_guesses"": [], ""bomb_guess"": null, ""outcome"": ""skip"", ""skipped"": true, ""skipped_by"": ""ai"", ""bomb_hit"": false, ""ai_understanding_rating_before"": null, ""ai_understanding_rating_after"": null}, {""turn"": 4, ""clue_giver"": ""human"", ""guesser"": ""ai"", ""hint"": ""blume"", ""hint_number"": 1, ""intended_targets"": [""ice""], ""guesses"": [""ball""], ""correct_guesses"": [], ""missed_intended_targets"": [""ice""], ""extra_correct_guesses"": [], ""neutral_guesses"": [""ball""], ""bomb_guess"": null, ""outcome"": ""wrong"", ""skipped"": false, ""skipped_by"": """", ""bomb_hit"": false, ""ai_understanding_rating_before"": 3, ""ai_understanding_rating_after"": 1}]",4,2,0,0,0,none,0,93.812659,1,"In this round, your clues aimed at ""sword"" and ""lemon"" with ""material"" and ""tree,"" but they led to guesses of ""leather"" and skipped turns instead. ""Material"" was a bit risky since it could also relate to ""cotton"" and ""leather,"" which are neutral words. For ""tree,"" while it connects to ""lemon"" (as in lemon trees), it could also suggest ""wood,"" the bomb, which is why I skipped it.

Your clue ""blume"" aimed for ""ice"" but resulted in ""ball,"" which was a neutral word. This might have been due to the ambiguity of ""blume,"" as it doesn't have a clear association with ""ice.""

For future rounds, consider using more direct associations or synonyms that are less likely to overlap with neutral words or the bomb. Clearer communication about the connections between your clues and the target words can help guide my guesses more effectively. Avoiding vague terms will also reduce the risk of misinterpretation. Let's work on refining our clues to improve our chances next time!",
2026-05-21T06:48:43.655544,Shimaaa,4,ai_clue,concrete,sun;lemon;popcorn;purse;sugar;baby;cat;wood;bowl;towel;ice;sword;book;ketchup;tie,lemon;sword;sun;ice;wood,ketchup,signal,2,"[[""lemon"", ""sun""], [""sun"", ""ice""], [""ice"", ""sword""], [""lemon"", ""sword""]]",popcorn;wood;sun;baby;towel;sugar;ice;lemon,"[{""turn"": 1, ""clue_giver"": ""ai"", ""guesser"": ""human"", ""hint"": ""citrus"", ""hint_number"": 2, ""intended_targets"": [""lemon"", ""sun""], ""guesses"": [""popcorn"", ""wood""], ""correct_guesses"": [""wood""], ""missed_intended_targets"": [""lemon"", ""sun""], ""extra_correct_guesses"": [""wood""], ""neutral_guesses"": [""popcorn""], ""bomb_guess"": null, ""outcome"": ""correct"", ""skipped"": false, ""skipped_by"": """", ""bomb_hit"": false, ""ai_understanding_rating_before"": null, ""ai_understanding_rating_after"": null}, {""turn"": 2, ""clue_giver"": ""ai"", ""guesser"": ""human"", ""hint"": ""shine"", ""hint_number"": 2, ""intended_targets"": [""sun"", ""ice""], ""guesses"": [""sun"", ""baby""], ""correct_guesses"": [""sun""], ""missed_intended_targets"": [""ice""], ""extra_correct_guesses"": [], ""neutral_guesses"": [""baby""], ""bomb_guess"": null, ""outcome"": ""correct"", ""skipped"": false, ""skipped_by"": """", ""bomb_hit"": false, ""ai_understanding_rating_before"": null, ""ai_understanding_rating_after"": null}, {""turn"": 3, ""clue_giver"": ""ai"", ""guesser"": ""human"", ""hint"": ""frozen"", ""hint_number"": 2, ""intended_targets"": [""ice"", ""sword""], ""guesses"": [""towel"", ""sugar""], ""correct_guesses"": [], ""missed_intended_targets"": [""ice"", ""sword""], ""extra_correct_guesses"": [], ""neutral_guesses"": [""towel"", ""sugar""], ""bomb_guess"": null, ""outcome"": ""wrong"", ""skipped"": false, ""skipped_by"": """", ""bomb_hit"": false, ""ai_understanding_rating_before"": null, ""ai_understanding_rating_after"": null}, {""turn"": 4, ""clue_giver"": ""ai"", ""guesser"": ""human"", ""hint"": ""signal"", ""hint_number"": 2, ""intended_targets"": [""lemon"", ""sword""], ""guesses"": [""ice"", ""lemon""], ""correct_guesses"": [""ice"", ""lemon""], ""missed_intended_targets"": [""sword""], ""extra_correct_guesses"": [""ice""], ""neutral_guesses"": [], ""bomb_guess"": null, ""outcome"": ""correct"", ""skipped"": false, ""skipped_by"": """", ""bomb_hit"": false, ""ai_understanding_rating_before"": null, ""ai_understanding_rating_after"": null}]",4,0,4,1,0,none,0,81.100574,3,"In this round, I provided the clues ""citrus"" and ""shine"" to target ""lemon"" and ""sun."" ""Citrus"" was aimed at ""lemon,"" while ""shine"" related to ""sun"" and also hinted at ""ice"" due to its reflective quality. I avoided neutral words like ""bowl"" and ""book"" by focusing on clear associations.

However, my clue ""frozen"" was risky. I intended to connect ""ice"" and ""sword,"" but it led to guesses of ""towel"" and ""sugar,"" which were incorrect. This shows the importance of clarity in clues; perhaps a more direct hint for ""ice"" would have been better.

Your clues were interpreted well, especially ""signal,"" which linked to ""lemon"" and ""sword."" However, we missed ""sword"" on the ""frozen"" clue, which could have been a good target if framed differently.

For future rounds, let’s focus on clear, direct clues and ensure we communicate any uncertainties. If a clue feels risky, we might consider skipping or rephrasing it. Overall, we did well with the connections we made, but refining our clues will enhance our success.",
